"request_id","user_id","people_amount","animals_amount","kids","highest_price","request_date","is_ai_used"
1,84,4,0,0,1107,"2026-04-03 18:09:02",1
2,80,5,1,2,1040,"2026-04-03 18:11:03",0
3,17,1,0,2,997,"2026-04-03 18:07:24",0
4,28,4,0,3,1791,"2026-04-03 18:08:25",1
5,52,1,1,1,1248,"2026-04-03 18:08:43",1
6,200,3,0,3,672,"2026-04-03 18:10:49",1
7,143,5,1,2,736,"2026-04-03 18:11:20",0
8,182,1,1,2,1164,"2026-04-03 18:10:37",0
9,89,4,2,3,740,"2026-04-03 18:10:25",1
10,95,4,2,2,1133,"2026-04-03 18:10:16",0
11,8,1,1,3,696,"2026-04-03 18:08:34",0
12,136,4,2,1,788,"2026-04-03 18:11:07",1
13,121,2,0,2,1713,"2026-04-03 18:11:04",1
14,95,5,1,3,1362,"2026-04-03 18:09:11",1
15,2,1,1,3,735,"2026-04-03 18:08:28",1
16,98,3,2,1,1951,"2026-04-03 18:10:52",1
17,176,4,2,0,1787,"2026-04-03 18:09:17",0
18,24,4,2,3,1956,"2026-04-03 18:06:46",1
19,103,2,2,2,276,"2026-04-03 18:09:41",0
20,194,4,1,1,959,"2026-04-03 18:10:14",0
21,15,4,0,2,1092,"2026-04-03 18:11:59",0
22,183,1,1,3,1411,"2026-04-03 18:10:39",0
23,159,4,2,0,1922,"2026-04-03 18:06:51",0
24,172,5,1,1,1285,"2026-04-03 18:08:28",1
25,49,1,2,2,1575,"2026-04-03 18:08:47",1
26,66,3,1,3,1128,"2026-04-03 18:09:59",0
27,14,2,2,0,200,"2026-04-03 18:08:33",0
28,26,1,2,1,1402,"2026-04-03 18:12:04",0
29,170,5,1,1,233,"2026-04-03 18:11:15",1
30,141,4,1,0,1293,"2026-04-03 18:08:47",1
31,70,4,0,3,1915,"2026-04-03 18:11:46",0
32,81,1,2,2,938,"2026-04-03 18:09:17",0
33,178,5,2,0,1844,"2026-04-03 18:11:19",1
34,23,1,1,0,536,"2026-04-03 18:11:21",1
35,124,3,0,1,320,"2026-04-03 18:07:34",0
36,156,4,1,2,1201,"2026-04-03 18:08:31",1
37,46,2,2,3,1232,"2026-04-03 18:10:57",1
38,29,3,2,0,836,"2026-04-03 18:11:48",1
39,157,5,2,1,1177,"2026-04-03 18:09:13",0
40,194,1,1,1,1740,"2026-04-03 18:11:21",1
41,102,4,2,2,1166,"2026-04-03 18:12:00",0
42,53,5,0,3,1398,"2026-04-03 18:11:57",1
43,113,2,1,1,1042,"2026-04-03 18:07:19",1
44,176,4,0,3,1817,"2026-04-03 18:06:38",0
45,18,3,1,1,1907,"2026-04-03 18:09:59",0
46,76,1,0,2,1116,"2026-04-03 18:06:59",1
47,157,5,2,2,1304,"2026-04-03 18:09:13",1
48,96,1,1,3,1929,"2026-04-03 18:11:56",1
49,176,1,0,3,1174,"2026-04-03 18:08:13",0
50,60,3,0,3,1002,"2026-04-03 18:08:40",0
51,22,2,1,2,1884,"2026-04-03 18:08:09",1
52,177,4,2,3,1712,"2026-04-03 18:08:15",0
53,145,3,1,1,1711,"2026-04-03 18:09:43",0
54,174,3,0,1,1793,"2026-04-03 18:09:34",1
55,88,3,0,2,522,"2026-04-03 18:10:20",0
56,82,2,1,3,226,"2026-04-03 18:07:10",1
57,78,1,0,3,272,"2026-04-03 18:12:00",0
58,74,2,1,0,1236,"2026-04-03 18:07:46",0
59,44,1,2,2,762,"2026-04-03 18:10:59",0
60,138,4,0,3,1467,"2026-04-03 18:10:48",0
61,102,4,0,3,333,"2026-04-03 18:06:57",0
62,150,1,0,3,259,"2026-04-03 18:06:41",1
63,46,5,0,0,291,"2026-04-03 18:12:07",0
64,127,2,2,3,1067,"2026-04-03 18:10:01",0
65,57,1,2,3,1993,"2026-04-03 18:11:10",0
66,114,5,2,2,1105,"2026-04-03 18:06:54",1
67,175,3,2,1,872,"2026-04-03 18:06:26",1
68,117,2,1,3,846,"2026-04-03 18:10:44",1
69,71,1,2,2,1526,"2026-04-03 18:08:26",1
70,12,5,0,3,1635,"2026-04-03 18:10:38",0
71,192,2,2,0,431,"2026-04-03 18:07:26",1
72,2,2,2,1,1270,"2026-04-03 18:08:51",1
73,68,1,0,2,1770,"2026-04-03 18:07:12",0
74,158,4,0,1,1212,"2026-04-03 18:10:31",1
75,62,5,1,1,1075,"2026-04-03 18:11:06",0
76,94,2,2,1,1618,"2026-04-03 18:08:41",1
77,116,3,1,1,1463,"2026-04-03 18:09:29",1
78,67,1,1,1,1317,"2026-04-03 18:12:06",1
79,143,3,0,2,489,"2026-04-03 18:09:28",1
80,112,1,1,3,341,"2026-04-03 18:07:51",1
81,181,5,0,0,974,"2026-04-03 18:07:49",0
82,109,1,0,1,762,"2026-04-03 18:09:16",1
83,109,2,0,3,1958,"2026-04-03 18:09:33",0
84,110,4,1,0,1562,"2026-04-03 18:09:40",0
85,101,1,1,3,845,"2026-04-03 18:07:41",0
86,198,1,1,1,1921,"2026-04-03 18:11:29",0
87,122,3,1,0,407,"2026-04-03 18:09:23",1
88,138,4,2,2,231,"2026-04-03 18:07:45",1
89,149,5,0,2,376,"2026-04-03 18:12:03",0
90,178,3,2,1,966,"2026-04-03 18:08:03",1
91,172,1,0,2,1477,"2026-04-03 18:06:18",1
92,119,1,0,0,831,"2026-04-03 18:12:10",0
93,109,2,2,2,685,"2026-04-03 18:09:23",1
94,10,4,2,3,1413,"2026-04-03 18:08:09",0
95,53,4,1,0,1901,"2026-04-03 18:06:20",1
96,100,3,0,0,1312,"2026-04-03 18:09:13",0
97,163,3,0,2,1911,"2026-04-03 18:07:00",0
98,199,4,0,2,1689,"2026-04-03 18:08:16",1
99,69,1,1,1,607,"2026-04-03 18:07:47",0
100,12,1,1,1,448,"2026-04-03 18:10:30",1
101,15,5,1,3,1065,"2026-04-03 18:06:22",0
102,157,4,1,3,1726,"2026-04-03 18:10:33",0
103,193,3,1,2,1152,"2026-04-03 18:10:27",1
104,117,2,0,1,855,"2026-04-03 18:07:51",1
105,165,5,2,2,1040,"2026-04-03 18:09:03",0
106,55,2,2,2,225,"2026-04-03 18:12:03",0
107,66,5,0,2,1179,"2026-04-03 18:12:07",1
108,112,1,1,3,1309,"2026-04-03 18:08:51",0
109,85,4,2,3,1367,"2026-04-03 18:09:42",0
110,14,5,0,1,1435,"2026-04-03 18:09:40",0
111,183,4,0,1,1306,"2026-04-03 18:07:36",0
112,193,3,0,0,1411,"2026-04-03 18:07:41",0
113,28,2,2,2,874,"2026-04-03 18:08:16",1
114,150,3,2,0,774,"2026-04-03 18:06:37",1
115,50,1,1,3,1281,"2026-04-03 18:10:54",0
116,161,5,0,1,1969,"2026-04-03 18:10:40",0
117,11,4,1,0,1936,"2026-04-03 18:09:35",1
118,48,1,1,0,1378,"2026-04-03 18:07:16",1
119,77,4,1,3,690,"2026-04-03 18:09:08",0
120,39,5,2,3,1108,"2026-04-03 18:10:42",0
121,72,2,0,3,1559,"2026-04-03 18:11:08",0
122,34,3,1,3,448,"2026-04-03 18:07:39",1
123,15,5,1,2,1832,"2026-04-03 18:09:06",0
124,105,4,0,1,986,"2026-04-03 18:06:41",0
125,193,2,2,0,1869,"2026-04-03 18:10:20",1
126,180,5,1,1,1853,"2026-04-03 18:07:03",0
127,61,3,1,1,1735,"2026-04-03 18:07:53",1
128,124,2,1,3,840,"2026-04-03 18:07:53",0
129,190,4,0,2,324,"2026-04-03 18:07:59",0
130,82,2,0,1,1772,"2026-04-03 18:11:21",1
131,194,2,2,0,1012,"2026-04-03 18:09:10",1
132,50,3,2,3,231,"2026-04-03 18:11:24",0
133,31,5,2,0,1218,"2026-04-03 18:12:07",1
134,185,2,2,0,745,"2026-04-03 18:10:13",1
135,52,3,1,2,536,"2026-04-03 18:08:59",0
136,153,2,1,0,267,"2026-04-03 18:07:22",1
137,152,5,2,0,1240,"2026-04-03 18:08:07",1
138,89,5,0,3,1360,"2026-04-03 18:09:21",0
139,28,3,2,2,1250,"2026-04-03 18:10:09",1
140,85,1,2,3,1387,"2026-04-03 18:11:13",1
141,98,3,1,2,1001,"2026-04-03 18:09:33",1
142,133,2,1,3,1575,"2026-04-03 18:09:25",0
143,51,2,1,2,1883,"2026-04-03 18:11:14",0
144,40,3,0,1,1241,"2026-04-03 18:08:03",0
145,47,1,1,3,1739,"2026-04-03 18:06:58",1
146,147,2,2,3,1649,"2026-04-03 18:08:53",0
147,200,5,1,2,1768,"2026-04-03 18:11:25",1
148,59,1,2,1,1608,"2026-04-03 18:07:01",1
149,13,5,1,0,733,"2026-04-03 18:10:12",1
150,12,5,1,0,1045,"2026-04-03 18:06:44",1
151,16,5,2,1,1670,"2026-04-03 18:10:13",1
152,46,1,0,2,1695,"2026-04-03 18:10:19",0
153,26,3,2,3,1793,"2026-04-03 18:09:20",1
154,72,3,2,0,730,"2026-04-03 18:11:48",0
155,79,3,0,0,1117,"2026-04-03 18:10:16",1
156,73,5,0,3,362,"2026-04-03 18:08:40",1
157,142,5,0,2,386,"2026-04-03 18:06:36",1
158,58,4,0,1,1195,"2026-04-03 18:11:33",1
159,151,4,1,0,1572,"2026-04-03 18:08:09",0
160,66,1,2,3,742,"2026-04-03 18:09:35",1
161,141,1,1,1,1199,"2026-04-03 18:06:18",0
162,195,1,2,1,1108,"2026-04-03 18:07:49",0
163,149,3,2,0,1774,"2026-04-03 18:08:52",0
164,16,5,2,3,1630,"2026-04-03 18:07:29",1
165,150,5,0,0,1019,"2026-04-03 18:06:33",0
166,162,2,2,1,532,"2026-04-03 18:06:55",1
167,41,3,2,2,1913,"2026-04-03 18:07:01",0
168,30,2,1,3,210,"2026-04-03 18:11:20",0
169,27,3,0,1,947,"2026-04-03 18:10:01",0
170,3,5,1,2,718,"2026-04-03 18:12:02",0
171,27,4,1,1,738,"2026-04-03 18:06:33",1
172,52,3,1,3,477,"2026-04-03 18:07:25",1
173,165,3,2,2,740,"2026-04-03 18:09:00",0
174,61,5,1,1,865,"2026-04-03 18:09:36",0
175,70,3,2,0,1087,"2026-04-03 18:07:29",0
176,55,2,1,0,502,"2026-04-03 18:08:08",1
177,174,3,1,2,1689,"2026-04-03 18:09:31",1
178,81,2,0,1,1524,"2026-04-03 18:08:53",0
179,92,4,2,1,733,"2026-04-03 18:06:40",0
180,22,4,1,3,1594,"2026-04-03 18:09:46",1
181,74,5,1,2,1409,"2026-04-03 18:08:02",0
182,195,2,2,1,660,"2026-04-03 18:10:39",1
183,9,4,2,1,1212,"2026-04-03 18:09:47",1
184,60,4,0,3,1776,"2026-04-03 18:08:02",1
185,200,2,2,2,766,"2026-04-03 18:09:54",0
186,121,4,1,3,802,"2026-04-03 18:06:22",0
187,154,4,0,0,1735,"2026-04-03 18:09:27",0
188,154,1,1,1,475,"2026-04-03 18:10:24",0
189,126,2,2,1,1863,"2026-04-03 18:08:50",1
190,94,1,0,3,866,"2026-04-03 18:10:19",1
191,129,4,0,1,272,"2026-04-03 18:06:37",1
192,2,2,0,3,1589,"2026-04-03 18:10:02",1
193,16,2,1,3,1885,"2026-04-03 18:09:48",0
194,176,2,0,3,1162,"2026-04-03 18:10:19",0
195,73,5,2,3,932,"2026-04-03 18:06:42",1
196,54,2,1,0,1304,"2026-04-03 18:08:23",0
197,73,3,2,1,1959,"2026-04-03 18:07:00",0
198,85,2,1,2,1240,"2026-04-03 18:06:37",0
199,186,1,0,1,771,"2026-04-03 18:06:39",0
200,175,4,2,0,545,"2026-04-03 18:09:05",1
201,48,3,0,0,933,"2026-04-03 18:07:18",0
202,144,5,1,3,1392,"2026-04-03 18:07:14",0
203,122,1,0,2,306,"2026-04-03 18:06:59",0
204,52,3,0,1,278,"2026-04-03 18:11:58",0
205,111,1,0,3,1731,"2026-04-03 18:07:44",1
206,99,4,0,3,449,"2026-04-03 18:10:27",0
207,2,3,2,1,972,"2026-04-03 18:10:10",0
208,169,4,2,1,806,"2026-04-03 18:09:59",1
209,123,3,0,1,377,"2026-04-03 18:07:11",1
210,119,5,2,3,520,"2026-04-03 18:08:00",1
211,42,2,2,3,1773,"2026-04-03 18:10:37",1
212,46,3,1,3,1260,"2026-04-03 18:09:44",1
213,38,3,0,1,1499,"2026-04-03 18:10:09",0
214,79,5,1,3,1147,"2026-04-03 18:07:30",1
215,117,2,1,3,1877,"2026-04-03 18:11:15",1
216,62,4,2,1,804,"2026-04-03 18:08:11",1
217,156,1,1,3,812,"2026-04-03 18:11:42",1
218,141,2,2,3,830,"2026-04-03 18:11:02",0
219,133,5,2,0,342,"2026-04-03 18:11:51",0
220,48,4,1,0,1923,"2026-04-03 18:07:59",0
221,139,5,0,2,933,"2026-04-03 18:12:05",1
222,88,4,1,2,1160,"2026-04-03 18:11:58",0
223,82,3,0,3,584,"2026-04-03 18:09:20",1
224,32,2,1,1,1978,"2026-04-03 18:11:00",1
225,33,1,0,2,1985,"2026-04-03 18:09:57",1
226,17,3,1,2,546,"2026-04-03 18:09:12",1
227,180,5,0,0,445,"2026-04-03 18:09:21",0
228,176,4,0,3,297,"2026-04-03 18:10:52",1
229,97,1,1,0,1609,"2026-04-03 18:06:50",1
230,59,5,1,2,841,"2026-04-03 18:07:23",0
231,147,3,0,1,588,"2026-04-03 18:10:36",0
232,190,1,2,1,2000,"2026-04-03 18:08:33",0
233,80,5,0,2,1525,"2026-04-03 18:10:51",0
234,170,4,1,2,1673,"2026-04-03 18:12:00",0
235,158,2,1,2,1550,"2026-04-03 18:09:04",1
236,6,1,1,0,342,"2026-04-03 18:09:08",1
237,64,1,2,2,983,"2026-04-03 18:06:33",0
238,172,1,1,0,1373,"2026-04-03 18:09:03",1
239,114,2,1,1,215,"2026-04-03 18:09:58",1
240,166,5,0,0,325,"2026-04-03 18:08:24",0
241,38,2,1,3,708,"2026-04-03 18:09:27",0
242,128,4,2,2,322,"2026-04-03 18:08:12",0
243,191,1,1,1,1965,"2026-04-03 18:06:19",1
244,93,5,1,3,342,"2026-04-03 18:12:09",1
245,68,1,2,2,1779,"2026-04-03 18:09:47",1
246,4,5,2,1,232,"2026-04-03 18:10:03",1
247,165,2,2,0,791,"2026-04-03 18:10:44",1
248,144,4,2,0,825,"2026-04-03 18:10:02",1
249,53,1,0,1,1222,"2026-04-03 18:08:10",1
250,96,2,2,0,1280,"2026-04-03 18:11:03",0
251,194,1,2,2,1515,"2026-04-03 18:08:47",1
252,199,2,2,1,257,"2026-04-03 18:06:54",0
253,74,1,2,2,1079,"2026-04-03 18:06:56",1
254,118,2,1,2,1259,"2026-04-03 18:06:29",1
255,1,3,0,3,1242,"2026-04-03 18:11:41",0
256,45,5,2,0,1523,"2026-04-03 18:10:01",0
257,187,2,1,2,698,"2026-04-03 18:07:59",1
258,77,5,2,0,642,"2026-04-03 18:11:56",0
259,76,4,2,3,1834,"2026-04-03 18:08:53",0
260,45,2,0,0,1671,"2026-04-03 18:07:32",1
261,30,1,0,2,316,"2026-04-03 18:11:20",0
262,110,1,1,2,1345,"2026-04-03 18:08:37",0
263,18,3,2,3,758,"2026-04-03 18:09:30",1
264,197,4,0,1,1030,"2026-04-03 18:08:44",0
265,23,2,2,0,1935,"2026-04-03 18:06:56",0
266,83,2,0,3,1247,"2026-04-03 18:07:04",0
267,100,2,1,1,531,"2026-04-03 18:10:27",1
268,17,2,2,0,288,"2026-04-03 18:07:15",1
269,47,5,0,1,1381,"2026-04-03 18:08:15",0
270,144,1,0,0,1001,"2026-04-03 18:11:07",0
271,37,2,2,1,477,"2026-04-03 18:07:54",1
272,146,1,0,1,1174,"2026-04-03 18:10:55",1
273,47,2,2,1,348,"2026-04-03 18:09:37",1
274,159,4,2,0,1681,"2026-04-03 18:08:07",0
275,111,1,0,3,1411,"2026-04-03 18:06:45",1
276,10,2,1,2,1468,"2026-04-03 18:10:34",1
277,148,1,1,2,1697,"2026-04-03 18:12:01",1
278,146,3,2,3,583,"2026-04-03 18:09:22",1
279,76,5,0,1,1756,"2026-04-03 18:10:34",1
280,109,4,1,0,1346,"2026-04-03 18:07:26",0
281,81,1,2,0,804,"2026-04-03 18:09:16",0
282,118,1,0,2,1991,"2026-04-03 18:11:12",1
283,169,5,1,2,951,"2026-04-03 18:07:30",0
284,99,1,1,3,253,"2026-04-03 18:11:34",0
285,113,4,1,1,559,"2026-04-03 18:10:44",0
286,67,3,2,0,1489,"2026-04-03 18:07:29",0
287,20,3,1,2,1674,"2026-04-03 18:10:44",1
288,34,1,1,1,713,"2026-04-03 18:07:17",0
289,98,2,1,1,305,"2026-04-03 18:07:40",1
290,34,5,1,1,1285,"2026-04-03 18:07:29",1
291,117,5,1,2,480,"2026-04-03 18:10:43",1
292,182,2,2,1,898,"2026-04-03 18:06:50",0
293,188,2,2,0,951,"2026-04-03 18:09:56",1
294,70,3,0,3,666,"2026-04-03 18:07:16",1
295,16,1,0,0,1704,"2026-04-03 18:12:03",1
296,25,5,1,0,589,"2026-04-03 18:10:49",0
297,143,2,2,3,1452,"2026-04-03 18:07:41",1
298,189,3,0,0,1167,"2026-04-03 18:11:56",1
299,147,3,0,2,1432,"2026-04-03 18:08:05",0
300,32,3,1,2,1107,"2026-04-03 18:08:02",0
301,177,4,0,1,1728,"2026-04-03 18:07:41",1
302,53,2,1,2,991,"2026-04-03 18:11:07",1
303,142,3,1,1,1666,"2026-04-03 18:08:28",0
304,11,1,0,1,1235,"2026-04-03 18:11:53",0
305,71,5,0,2,718,"2026-04-03 18:07:15",0
306,110,3,1,3,1443,"2026-04-03 18:11:11",1
307,23,3,1,3,487,"2026-04-03 18:08:39",0
308,17,1,2,1,1448,"2026-04-03 18:09:34",0
309,163,1,0,1,1450,"2026-04-03 18:06:18",0
310,144,2,1,0,1319,"2026-04-03 18:12:15",0
311,137,1,1,1,784,"2026-04-03 18:06:19",0
312,70,3,2,2,1654,"2026-04-03 18:10:21",1
313,70,3,2,1,392,"2026-04-03 18:11:00",1
314,131,1,2,1,1839,"2026-04-03 18:11:50",0
315,183,4,0,2,893,"2026-04-03 18:09:06",0
316,159,1,0,2,1916,"2026-04-03 18:07:12",1
317,147,4,1,2,1765,"2026-04-03 18:10:44",1
318,16,1,0,0,754,"2026-04-03 18:07:11",1
319,42,4,1,3,1932,"2026-04-03 18:09:04",0
320,181,2,1,3,401,"2026-04-03 18:10:09",0
321,167,1,2,1,497,"2026-04-03 18:10:25",0
322,54,4,1,0,858,"2026-04-03 18:09:21",1
323,195,2,1,0,709,"2026-04-03 18:06:34",0
324,75,3,2,1,1867,"2026-04-03 18:08:35",0
325,119,2,0,2,1836,"2026-04-03 18:07:01",0
326,127,5,0,1,414,"2026-04-03 18:07:12",1
327,140,4,0,1,483,"2026-04-03 18:11:33",0
328,130,5,2,3,457,"2026-04-03 18:06:24",1
329,20,1,1,2,1295,"2026-04-03 18:09:04",1
330,24,1,1,0,512,"2026-04-03 18:06:20",0
331,45,4,2,3,1135,"2026-04-03 18:10:31",1
332,172,3,2,2,856,"2026-04-03 18:10:43",0
333,193,1,0,2,1343,"2026-04-03 18:08:08",1
334,104,1,2,1,931,"2026-04-03 18:07:16",1
335,85,3,0,3,1586,"2026-04-03 18:07:44",0
336,179,2,2,2,254,"2026-04-03 18:09:39",1
337,25,4,0,1,250,"2026-04-03 18:11:25",1
338,157,1,2,1,1388,"2026-04-03 18:07:43",1
339,57,5,0,2,378,"2026-04-03 18:07:27",1
340,127,5,2,0,1062,"2026-04-03 18:07:58",1
341,119,5,2,0,1781,"2026-04-03 18:11:12",0
342,188,1,0,2,916,"2026-04-03 18:09:54",1
343,200,2,1,1,827,"2026-04-03 18:09:46",0
344,99,2,2,3,944,"2026-04-03 18:10:56",0
345,116,3,1,2,1012,"2026-04-03 18:10:23",0
346,9,5,2,3,599,"2026-04-03 18:12:00",1
347,189,4,2,3,1789,"2026-04-03 18:07:23",1
348,89,4,2,1,1309,"2026-04-03 18:11:14",1
349,80,2,0,3,1141,"2026-04-03 18:08:04",1
350,70,4,0,0,1144,"2026-04-03 18:09:46",0
351,35,4,2,0,723,"2026-04-03 18:08:23",1
352,78,5,2,3,736,"2026-04-03 18:07:20",0
353,186,1,2,1,1632,"2026-04-03 18:10:22",1
354,101,1,1,3,1590,"2026-04-03 18:10:39",1
355,175,4,2,1,1172,"2026-04-03 18:10:00",1
356,49,1,2,1,1527,"2026-04-03 18:10:56",0
357,17,2,1,1,623,"2026-04-03 18:06:46",1
358,81,3,1,3,1995,"2026-04-03 18:10:58",1
359,165,3,1,2,580,"2026-04-03 18:11:53",1
360,62,5,2,0,397,"2026-04-03 18:10:36",1
361,178,2,1,3,974,"2026-04-03 18:10:44",1
362,195,2,1,1,1904,"2026-04-03 18:11:03",1
363,73,1,0,1,602,"2026-04-03 18:07:22",1
364,144,5,1,3,1500,"2026-04-03 18:11:49",0
365,171,3,1,0,379,"2026-04-03 18:08:06",0
366,122,3,0,0,1327,"2026-04-03 18:11:30",0
367,159,2,1,2,1488,"2026-04-03 18:06:45",0
368,182,2,2,2,1636,"2026-04-03 18:06:41",0
369,83,2,2,3,1814,"2026-04-03 18:09:18",1
370,110,5,2,0,1997,"2026-04-03 18:07:31",0
371,12,5,2,2,1770,"2026-04-03 18:07:37",1
372,166,1,2,0,257,"2026-04-03 18:08:17",1
373,94,2,1,2,1345,"2026-04-03 18:10:39",0
374,162,4,2,2,1494,"2026-04-03 18:11:10",1
375,23,3,0,3,1865,"2026-04-03 18:07:38",1
376,30,5,2,1,643,"2026-04-03 18:08:47",0
377,153,2,2,0,1849,"2026-04-03 18:06:54",1
378,104,5,1,0,477,"2026-04-03 18:07:39",0
379,78,2,2,1,270,"2026-04-03 18:11:43",1
380,140,5,0,0,713,"2026-04-03 18:09:27",1
381,89,3,2,3,841,"2026-04-03 18:09:51",0
382,31,3,2,0,836,"2026-04-03 18:07:56",0
383,147,2,0,0,1824,"2026-04-03 18:10:12",1
384,119,1,1,2,613,"2026-04-03 18:08:26",0
385,78,2,2,1,1184,"2026-04-03 18:10:24",1
386,71,2,2,1,476,"2026-04-03 18:09:44",0
387,101,2,2,1,366,"2026-04-03 18:07:29",1
388,107,2,2,2,692,"2026-04-03 18:09:58",1
389,136,4,1,3,225,"2026-04-03 18:09:51",1
390,80,4,0,1,377,"2026-04-03 18:06:51",0
391,57,4,0,0,1248,"2026-04-03 18:10:38",0
392,79,4,2,0,261,"2026-04-03 18:08:50",0
393,54,1,1,3,1111,"2026-04-03 18:06:39",1
394,164,3,1,3,958,"2026-04-03 18:11:44",0
395,157,1,0,1,1326,"2026-04-03 18:10:32",1
396,120,4,1,1,1812,"2026-04-03 18:12:14",0
397,65,2,1,3,1771,"2026-04-03 18:06:41",0
398,56,2,1,0,1566,"2026-04-03 18:10:52",1
399,146,3,0,1,1702,"2026-04-03 18:10:29",0
400,135,5,1,0,1109,"2026-04-03 18:11:59",1
401,107,4,2,3,541,"2026-04-03 18:07:56",0
402,190,1,0,3,1302,"2026-04-03 18:10:12",1
403,66,1,2,2,1215,"2026-04-03 18:06:51",0
404,60,1,0,3,1481,"2026-04-03 18:07:06",1
405,164,4,2,1,570,"2026-04-03 18:09:32",1
406,129,3,2,3,438,"2026-04-03 18:06:54",0
407,85,5,1,0,831,"2026-04-03 18:10:27",0
408,131,3,2,1,1042,"2026-04-03 18:08:28",0
409,37,1,2,3,1470,"2026-04-03 18:07:17",0
410,120,3,1,3,1789,"2026-04-03 18:08:21",0
411,70,3,0,2,937,"2026-04-03 18:09:23",0
412,62,1,0,3,562,"2026-04-03 18:12:11",1
413,48,1,0,2,1551,"2026-04-03 18:11:48",0
414,38,5,0,0,437,"2026-04-03 18:07:36",0
415,79,1,0,0,1372,"2026-04-03 18:10:06",0
416,70,2,0,1,799,"2026-04-03 18:06:19",0
417,11,5,1,0,672,"2026-04-03 18:06:26",0
418,185,4,0,0,1679,"2026-04-03 18:10:47",1
419,34,3,2,2,796,"2026-04-03 18:10:20",1
420,99,3,0,0,1091,"2026-04-03 18:10:37",1
421,28,2,1,2,1847,"2026-04-03 18:06:21",0
422,1,5,0,1,503,"2026-04-03 18:08:06",1
423,44,4,0,3,1796,"2026-04-03 18:07:50",0
424,57,5,1,3,793,"2026-04-03 18:08:41",1
425,114,4,2,2,827,"2026-04-03 18:06:20",1
426,195,3,1,0,1269,"2026-04-03 18:12:06",0
427,55,4,1,3,896,"2026-04-03 18:11:14",0
428,198,4,1,2,565,"2026-04-03 18:10:24",0
429,109,2,1,2,1063,"2026-04-03 18:07:12",1
430,92,5,2,1,630,"2026-04-03 18:09:51",1
431,135,4,0,3,1033,"2026-04-03 18:07:52",0
432,133,3,0,3,1193,"2026-04-03 18:10:48",0
433,173,3,0,1,510,"2026-04-03 18:08:19",1
434,113,4,1,2,687,"2026-04-03 18:08:37",0
435,68,2,1,2,302,"2026-04-03 18:10:30",1
436,173,1,0,1,1241,"2026-04-03 18:09:10",1
437,67,2,2,3,576,"2026-04-03 18:08:56",1
438,132,4,2,0,831,"2026-04-03 18:10:50",1
439,11,1,0,0,1097,"2026-04-03 18:06:27",0
440,138,2,2,0,1358,"2026-04-03 18:06:19",0
441,6,4,1,1,1263,"2026-04-03 18:07:32",1
442,94,2,1,2,953,"2026-04-03 18:11:29",0
443,80,3,1,3,628,"2026-04-03 18:07:04",1
444,59,3,2,2,343,"2026-04-03 18:08:35",0
445,122,2,0,1,1124,"2026-04-03 18:09:58",1
446,49,2,0,1,1124,"2026-04-03 18:10:31",0
447,27,2,0,1,1422,"2026-04-03 18:07:41",1
448,83,1,0,1,925,"2026-04-03 18:09:45",0
449,12,5,0,3,597,"2026-04-03 18:06:24",1
450,103,1,0,0,1612,"2026-04-03 18:10:53",1
451,190,3,1,3,229,"2026-04-03 18:11:01",0
452,74,2,1,2,1450,"2026-04-03 18:09:52",1
453,165,4,2,2,786,"2026-04-03 18:06:45",0
454,13,3,1,3,392,"2026-04-03 18:06:56",0
455,25,4,2,1,920,"2026-04-03 18:09:36",1
456,197,5,0,3,1332,"2026-04-03 18:06:29",0
457,116,5,2,1,427,"2026-04-03 18:10:22",0
458,32,4,1,1,1215,"2026-04-03 18:07:25",1
459,109,2,1,3,920,"2026-04-03 18:07:49",1
460,46,1,0,1,1783,"2026-04-03 18:08:03",1
461,35,2,1,2,522,"2026-04-03 18:10:39",1
462,184,3,1,3,1028,"2026-04-03 18:11:22",0
463,85,2,2,3,1443,"2026-04-03 18:10:05",1
464,41,2,0,2,291,"2026-04-03 18:06:35",1
465,33,5,1,3,1535,"2026-04-03 18:10:55",1
466,98,1,1,3,1857,"2026-04-03 18:11:33",0
467,72,4,2,3,661,"2026-04-03 18:09:10",0
468,73,4,2,1,430,"2026-04-03 18:07:30",0
469,44,4,2,1,1528,"2026-04-03 18:06:37",1
470,180,3,1,3,512,"2026-04-03 18:11:37",0
471,121,3,0,3,1626,"2026-04-03 18:12:03",0
472,131,3,0,0,1150,"2026-04-03 18:11:29",1
473,177,5,0,0,1204,"2026-04-03 18:10:39",0
474,60,2,2,0,1534,"2026-04-03 18:07:11",1
475,143,3,0,3,471,"2026-04-03 18:07:16",0
476,51,2,0,3,1045,"2026-04-03 18:11:41",1
477,169,2,1,0,348,"2026-04-03 18:08:54",0
478,159,4,1,1,1743,"2026-04-03 18:11:34",1
479,194,4,0,0,916,"2026-04-03 18:06:42",1
480,48,1,1,3,319,"2026-04-03 18:11:46",0
481,18,1,2,0,881,"2026-04-03 18:06:40",1
482,88,3,1,2,280,"2026-04-03 18:07:04",1
483,54,5,1,0,1868,"2026-04-03 18:10:58",1
484,181,1,0,2,526,"2026-04-03 18:10:06",1
485,86,2,2,2,1291,"2026-04-03 18:07:02",0
486,2,3,2,1,893,"2026-04-03 18:06:47",1
487,124,5,1,1,1022,"2026-04-03 18:11:26",0
488,30,4,0,0,1187,"2026-04-03 18:07:15",1
489,171,5,0,0,1338,"2026-04-03 18:07:50",1
490,104,3,2,2,1836,"2026-04-03 18:11:41",0
491,107,2,0,3,1054,"2026-04-03 18:09:51",0
492,14,3,2,0,729,"2026-04-03 18:11:49",0
493,96,1,1,1,1204,"2026-04-03 18:10:01",1
494,102,3,1,2,586,"2026-04-03 18:09:40",0
495,86,3,2,2,370,"2026-04-03 18:06:54",0
496,182,5,0,1,1856,"2026-04-03 18:10:55",1
497,41,2,1,3,1135,"2026-04-03 18:07:16",1
498,49,5,1,1,1405,"2026-04-03 18:11:01",1
499,38,4,1,2,342,"2026-04-03 18:07:41",1
500,158,4,1,1,461,"2026-04-03 18:10:45",0
